"","text"
"1","info sewa perlengkan bayi serti stroller kursimakan box bayi breastmdll hubungi wa   "
"2","info sewa perlengkan bayi serti stroller kursimakan box bayi breastmdll hubungi wa   "
"3","info sewa perlengkan bayi serti stroller kursimakan box bayi breastmdll hubungi wa   "
"4","info sewa perlengkan bayi serti stroller kursimakan box bayi breastmdll hubungi wa   "
"5","mari  doakan temanteman didaerah batu   mengalami musibah banjir semoga  kesehatan ketabah "
"6","sahabat banser  malam   kegiatan nanggulangan bencana banjir bandang  kota batu tetnya  buluke "
"7","prayforbatu semangat  temen    batu    an     insyalla "
"8","mari  alihkan rhatian  keda sodara   batu  terkena musibah banjir bandang semoga lekas memba "
"9","korban banjir bandang kota batu bertambah total  orang tewasayforbatu"
"10","sending my ayers and deecondolences for all the family stay safe for everyone  kaget aja ama berita in "
"11","sayangnya   bebera temt  kawasan malang raya  dilanda banjir yuk kawanjo mari  doakan aga "
"12"," berdukacita  bencana banjir  batu    tinggal  batu   semoga   kesaba "
"13","banjir bandang  batu kali  adl yg rtama kali ku lihat    hiduu  cukuprayforbatu ta ayo b "
"14"," sikakita   mengekoitasi bumi      kota batu yg  nya   dek "
"15"," becandaan langit turunkan hujan  tir   aja ta   orang yg  mengal "
"16","semoga  lih    kota wisata yg    aminn prayforbatu"
"17","banjir bandang  kota batu gubernur jatim khofifah keluarga  instruksi penanganankhofifah banjirbandang "
"18","ayforbatu   bencana   menyebabkan  orang dirkirakan hanyut  orang meninggal dunia  ora "
"19","gausah  langit turunkan hujan maneh omah e mbah ku meh kenyut cok ayforbatu"
"20"," doa nya temanteman  musibah banjir bandang    kota batu rumah    daerah kec bumi "
"21","ayforbatu sahabat mari duli bencana banjir   bantu masyarakat terdamk banjir ringankan duka s "
"22","semoga  ketabahan  yg tinggal  malang  batu a kabar rumah kontrakanku  bumiaji  prayforbatu"
"23","kamis gi langsung cabut  kota malang  kota batu  cuaca udah mendung banget  feeling gak enak a "
"24","sore kinanakku mari   menundukkan kela  mendoakan masyarakat batu   mengalami musibah "
"25","pray for kota batu malang   praybatumalang prayforbatu"
"26"," kota batu  dataran   banjir bandang segitu ngerinyaayforbatu"
"27","ya allah  semoga d lindungi   al fatihah ayforbatu"
"28","semoga  musibah cet   follow akunkuu yaaa kawankuprayforbatu"
"29","semoga  cet membaik  lih  korban   kekuatan prayforbatu"
"30","prayforbatu semoga lekas membaik"
"31","detik detik tenggelamnya rahu tambang  semambung kanor bojonegorojawa timur musibah  menewaskan   "
"32","   terkena damk bencana semoga   rlindungan  allah swt prayforbatu"
"33","semoga  ketabahan  keluarga  terdamk bencana banjir bandang prayforbatu"
"34"," rcetan nanganan banjir bandang kota batu bnpb kirimkan bantuan meliti selimut  lembar tenda ngu "
"35","  motoran  sdh  gini  cari masjid  warung makan trauma  rnah lihat laka s "
"36","gua buka twt liat   trending kaget jujursemoga  doakan saudara saudara  didaerah batu   me "
"37"," s ngeliat berita  banjir bandang  daerah  kekiran  kota  kyknya batu gabakal banjir "
"38","    mendoakan    ta  mendoakan orang   terkena musibahlengka "
"39","      rnah menginjakkan kaki  kota batu malang    jalan kesana  "
"40","aaaa serem banget liatnya stay safe ya  kondisi alam emang gak  gaada  tau  gimana kondi "
"41","bebera tim siaga  relawan  bismillah hati  salam kemanusiaanprayforbatu"
"42","menebar emti kelak   barang bukti bahwasannya  membutuhkan    memiliki janji "
"43","alhamdulillah wa syukurilah banget kemarin  liburan  malangbatu  dilindungi  diselamatkan allah swt "
"44","air hujan  rnah berubah  bandang kecuali manusia  mengundangprayforbatu"
"45"," berdukacita  batufolded handsprayforbatu"
"46","kota batu diterjang banjir bandang banser evakuasi korban  dirikan posko bantuanbansertanggaencana "
"47","banjir bandang  kota batu malang kota batu batu banjir malang jawa timur prayforbatu"
"48","soba tetawasda  hati hati  beraktivitas   cuaca  kondisi sedia yung  hujan ya sobat prayforbatu"
"49","lokasi giat banser tanggabencana  sungai sambong bulukerto kec bumiaji kota batubansertanggaencanaprayforbatu"
"50","semangat gotong royong  budaya nusantaraprayforbatu"
"51"," berduka cita   bencana alam  kota batumalang semoga  terkena musibah   k "
"52","stay safe for everyone mari luangkan    mendoakan saudara  kota batu  bencana banjir bandan "
"53","kalo   bencana gini  rachel vennya  ling gerce   dicari ra donatur   "
"54","prayforbatumulai berbenah    "
"55","semoga saudarasaudara   batu malang  ketabahanprayforbatu"
"56","giat jausan  nov   bencana banjir bandang batu am malang membantu nyisiran sungai brantas  daerah bumiaji "
"57","serti    tanggal  november  kota batu terkena musibah banjir bandangdi nghujung   "
"58"," berduka   banjir bandang  kota batu malang jawa timur prayforbatu"
"59"," berduka   banjir bandang  kota batu malang jawa timur prayforbatu"
"60"," berduka   banjir bandang  kota batu malang jawa timur prayforbatu"
"61","prayforbatu  berduka   banjir bandang  kota batu malang jawa timur"
"62","ayforbatu  berduka   banjir bandang  kota batu malang jawa timur"
"63","prayforbatu  berduka   banjir bandang  kota batu malang jawa timur"
"64"," tragedi bencana alam banjirbandang  kota malang  habis dihems  mudah  kuasanya mas "
"65"," tragedi bencana alam banjir bandang  kota malang  habis dihems  mudah  kuasanya ma "
"66"," tragedi bencana alam banjir bandang  kota malang  habis dihems  mudah  kuasanya ma "
"67","pray for kota batu   nya folded handsprayforbatu"
"68","pray for kota batu   nya folded handsprayforbatu"
"69","semoga  lindungannya  sodarakupalms utogetherprayforbatu"
"70","semoga  lindungannya  sodarakupalms utogetherprayforbatu"
"71","pecinta  yg dicinta da   bersah  maut  misahnyaprayforbatu"
"72"," berduka cita  musibah  menim kota batu semoga  dilihkan  semoga  keluarga  terd "
"73"," berduka cita  musibah  menim kota batu semoga  dilihkan  semoga  keluarga  terd "
"74"," berduka cita  musibah  menim kota batu semoga  dilihkan  semoga  keluarga  terd "
"75"," berduka cita  musibah  menim kota batu semoga  dilihkan  semoga  keluarga  terd "
"76","survei udara banjir bandang kota batu bnpb temukan longsor  bendung alam  hulu  penggunaan daerah bantaran "
"77","survei udara banjir bandang kota batu bnpb temukan longsor  bendung alam  hulu  penggunaan daerah bantaran "
"78","sungguh bagiku  yg membuatku bahagia  menangis  nuh nghayatan  alquran   cinta "
"79","sungguh bagiku  yg membuatku bahagia  menangis  nuh nghayatan  alquran   cinta "
"80"," meles lelah menya malam  mengistirahkan ikhtiar esok gi  sulut haran  saudarasauda "
"81"," meles lelah menya malam  mengistirahkan ikhtiar esok gi  sulut haran  saudarasauda "
"82","alhamdullilah   berkunjung   membantu prayforbatu"
"83"," larut tetasemangat  jaga kesehatan  giat ya sahabatku banser tanggabencana  kota batu folded h "
"84"," larut tetasemangat  jaga kesehatan  giat ya sahabatku banser tanggabencana  kota batu folded h "
"85","semoga gaada banjir bandang lagiprayforbatu"
"86","semoga gaada banjir bandang  anjirprayforbatu"
"87","semoga gaada banjir bandang lagiprayforbatu"
"88"," bangga memiliki mimn yg lebur  masyarakat semoga  menyemangati masyarakat terdamk  siab "
"89","   rugi   berbuat kebaikan  kebaikan    keda  bismillah bantu s "
"90","ya allahu robbipertanda akah inibencana silih berganti melanda hamran bumiakah  cobaan  uji "
"91","ya allahu robbipertanda akah inibencana silih berganti melanda hamran bumiakah  cobaan  uji "
"92","kalimat  bener mengguncang hatiku  berdoatuhan jadikanlah  bejana yg indah  matamu tuhan jadika "
"93","lukan rivalitas  mari bergerak serentakprayforbatu"
"94","banjir bebera     kota batu semoga    kejadian serti iniayforbatu"
"95","   menuduh   salah   mari berbenahayforbatu"
"96","mari  membantu  mendoakan  ayforbatu"
"97","info sewa perlengkan bayi serti stroller kursimakan box bayi breastmdll hubungi wa   "
"98","akhirul kalam tetajalankan aksi nyata yg   niat    smh   yg bersifat merusak "
"99","banser tanggabencana mendistribusikan logistik  sko sorban  korban bencana alam banjir kota batuprayforbatu"
"100","lukan rivalitas  mari bergerak serentakprayforbatu"
"101"," malam kak   gua on boprivasi terjaminwa wajib dyano ribetbojakartaselatan onbo ayforba"
"102","info sewa perlengkan bayi serti stroller kursimakan box bayi breastmdll hubungi wa   "
"103","info sewa perlengkan bayi serti stroller kursimakan box bayi breastmdll hubungi wa   "
"104","info sewa perlengkan bayi serti stroller kursimakan box bayi breastmdll hubungi wa   "
"105","info sewa perlengkan bayi serti stroller kursimakan box bayi breastmdll hubungi wa   "
"106"," keluarga  pkb mengucaan  berduka  musibah banjir bandang  kota bantu malang  november  semoga saud"
"107","info sewa perlengkan bayi serti stroller kursimakan box bayi breastmdll hubungi wa   "
"108","info sewa perlengkan bayi serti stroller kursimakan box bayi breastmdll hubungi wa   "
"109","info sewa perlengkan bayi serti stroller kursimakan box bayi breastmdll hubungi wa   "
"110","info sewa perlengkan bayi serti stroller kursimakan box bayi breastmdll hubungi wa   "
"111","info sewa perlengkan bayi serti stroller kursimakan box bayi breastmdll hubungi wa   "
"112","info sewa perlengkan bayi serti stroller kursimakan box bayi breastmdll hubungi wa   "
"113"," banser langsung bergerakbantu pengungsi terdamk banjir batu banserbergerak bansertanggaencanaprayforbatu"
"114","info sewa perlengkan bayi serti stroller kursimakan box bayi breastmdll hubungi wa   "
"115","info sewa perlengkan bayi serti stroller kursimakan box bayi breastmdll hubungi wa   "
"116"," lingkungan  tanggabencana ligana dpp ppp membuka donasi  saudara   kota batu  tertim musibah banjir b"
"117"," mari  berdoa  saudarasaudara    mengalami musibah banjir bandang  kota batu jawa timursemoga sem"
"118","info sewa perlengkan bayi serti stroller kursimakan box bayi breastmdll hubungi wa  at "
"119","info sewa perlengkan bayi serti stroller kursimakan box bayi breastmdll hubungi wa   "
"120","info sewa perlengkan bayi serti stroller kursimakan box bayi breastmdll hubungi wa   "
"121","info sewa perlengkan bayi serti stroller kursimakan box bayi breastmdll hubungi wa   "
"122","info sewa perlengkan bayi serti stroller kursimakan box bayi breastmdll hubungi wa   "
"123","  sintang kalimantan barat  banjirr banjirnya ling  tahuin  cet lih batu  sintang semoga  bai"
"124","info sewa perlengkan bayi serti stroller kursimakan box bayi breastmdll hubungi wa   "
"125","info sewa perlengkan bayi serti stroller kursimakan box bayi breastmdll hubungi wa   "
"126","info sewa perlengkan bayi serti stroller kursimakan box bayi breastmdll hubungi wa   "
"127","info sewa perlengkan bayi serti stroller kursimakan box bayi breastmdll hubungi wa   "
"128","info sewa perlengkan bayi serti stroller kursimakan box bayi breastmdll hubungi wa   "
"129","banser tanggabencana mendistribusikan logistik  sko sorban  korban bencana alam banjir kota batu "
"130","info sewa perlengkan bayi serti stroller kursimakan box bayi breastmdll hubungi wa   "
"131"," akhirul kalam tetajalankan aksi nyata yg   niat    smh   yg bersifat merusak dijauhkan"
"132"," akhirul kalam tetajalankan aksi nyata yg   niat    smh   yg bersifat merusak dijauhkan"
"133","info sewa perlengkan bayi serti stroller kursimakan box bayi breastmdll hubungi wa   "
"134"," bismillahminta tolong bantu ya gaeson donasi  korban banjir bandang  kota batu malang jawa timur "
"135"," akhirul kalam tetajalankan aksi nyata yg   niat    smh   yg bersifat merusak dijauhkan"
"136"," akhirul kalam tetajalankan aksi nyata yg   niat    smh   yg bersifat merusak dijauhkan"
"137"," alhamdulillah gi   mobil ckuam  mobil ibadi bonek sukorejo brkt membawa  ket sembako bg korban terdamk b"
"138","bismillahminta tolong bantu ya gaeson donasi  korban banjir bandang  kota batu malang jawa timur "
"139","bismillahminta tolong bantu ya gaeson donasi  korban banjir bandang  kota batu malang jawa timur "
"140"," akhirul kalam tetajalankan aksi nyata yg   niat    smh   yg bersifat merusak dijauhkan"
"141"," akhirul kalam tetajalankan aksi nyata yg   niat    smh   yg bersifat merusak dijauhkan"
"142"," akhirul kalam tetajalankan aksi nyata yg   niat    smh   yg bersifat merusak dijauhkan"
"143"," akhirul kalam tetajalankan aksi nyata yg   niat    smh   yg bersifat merusak dijauhkan"
"144"," akhirul kalam tetajalankan aksi nyata yg   niat    smh   yg bersifat merusak dijauhkan"
"145"," akhirul kalam tetajalankan aksi nyata yg   niat    smh   yg bersifat merusak dijauhkan"
"146","akhirul kalam tetajalankan aksi nyata yg   niat    smh   yg bersifat merusak "
"147","info sewa perlengkan bayi serti stroller kursimakan box bayi breastmdll hubungi wa   "
"148"," kota batu banjir bandang sekjen cak udin instruksikan pkb turun tanganprayforbatu pkbduli "
"149"," keluarga  pkb mengucaan  berduka  musibah banjir bandang  kota bantu malang  november  semoga saud"
"150","info sewa perlengkan bayi serti stroller kursimakan box bayi breastmdll hubungi wa   "
"151"," alhamdulillah gi   mobil ckuam  mobil ibadi bonek sukorejo brkt membawa  ket sembako bg korban terdamk b"
"152"," alhamdulillah gi   mobil ckuam  mobil ibadi bonek sukorejo brkt membawa  ket sembako bg korban terdamk b"
"153"," alhamdulillah gi   mobil ckuam  mobil ibadi bonek sukorejo brkt membawa  ket sembako bg korban terdamk b"
"154"," uate info galang dana tribun timurjumat  november  bonek krian r  bonek pasuruan jalur begal r"
"155"," uate info galang dana tribun timurjumat  november  bonek krian r  bonek pasuruan jalur begal r"
"156"," sore    wib dulur tribun timur  mengadakan galang dana  remtan tuwowo  traffic light sidotom"
"157","uate info galang dana tribun timurjumat  november  bonek krian r  bonek pasuruan jalur b "
"158"," mari  berdoa  saudarasaudara    mengalami musibah banjir bandang  kota batu jawa timursemoga sem"
"159"," ayforbatu mari  bantu  berbagi  indah"
"160","info sewa perlengkan bayi serti stroller kursimakan box bayi breastmdll hubungi wa   "
"161"," sinergi bansertanggaencana satkorcab banser kab blitar  bpbd kab blitar   laksanakan mbersihan lokasi"
"162","  individu  nya kemaman a  kelebihan a   dimaksimalkan  menangani bencana alam "
"163"," mari  membantu  mendoakan  ayforbatu terimakasihp"
"164","  uang  sebaikbaiknyatrends bibi ayforbatu  mama dubai "
"165","info sewa perlengkan bayi serti stroller kursimakan box bayi breastmdll hubungi wa   "
"166"," individu  nya kemaman a  kelebihan a   dimaksimalkan  menangani bencana alam "
"167","info sewa perlengkan bayi serti stroller kursimakan box bayi breastmdll hubungi wa   "
"168"," alhamdulillah gi   mobil ckuam  mobil ibadi bonek sukorejo brkt membawa  ket sembako bg korban terdamk b"
"169"," alhamdulillah gi   mobil ckuam  mobil ibadi bonek sukorejo brkt membawa  ket sembako bg korban terdamk b"
"170"," lukan rivalitas  mari bergerak serentakprayforbatu footballforhumanity "
"171"," stadion brantas kota batu  beralih fungsi  sar prayforbatu "
"172"," lukan rivalitas  mari bergerak serentakprayforbatu footballforhumanity "
"173"," lukan rivalitas  mari bergerak serentakprayforbatu footballforhumanity "
"174"," lukan rivalitas  mari bergerak serentakprayforbatu footballforhumanity "
"175"," lukan rivalitas  mari bergerak serentakprayforbatu footballforhumanity "
"176","    mengenal dirimu   terusik  a yg  orang  tentangmu ayatullah bahjat"
"177","info sewa perlengkan bayi serti stroller kursimakan box bayi breastmdll hubungi wa   "
"178"," lukan rivalitas  mari bergerak serentakprayforbatu footballforhumanity "
"179"," stadion brantas kota batu  beralih fungsi  sar prayforbatu "
"180"," stadion brantas kota batu  beralih fungsi  sar prayforbatu "
